file_name;line_start;line_end;description;cwe
J18757;40;40;Do not use hard coded encryption keys;CWE-321
J18757;82;82;Do not use hard coded encryption keys;CWE-321
J18759;39;39;Do not use hard coded encryption keys;CWE-321
J18759;85;85;Do not use hard coded encryption keys;CWE-321
J18759;139;139;Do not use hard coded encryption keys;CWE-321
J18759;187;187;Do not use hard coded encryption keys;CWE-321
J18761;39;39;Do not use hard coded encryption keys;CWE-321
J18761;85;85;Do not use hard coded encryption keys;CWE-321
J18761;139;139;Do not use hard coded encryption keys;CWE-321
J18761;187;187;Do not use hard coded encryption keys;CWE-321
J18765;41;41;Do not use hard coded encryption keys;CWE-321
J18765;87;87;Do not use hard coded encryption keys;CWE-321
J18765;141;141;Do not use hard coded encryption keys;CWE-321
J18765;189;189;Do not use hard coded encryption keys;CWE-321
J18767;40;40;Do not use hard coded encryption keys;CWE-321
J18767;86;86;Do not use hard coded encryption keys;CWE-321
J18767;140;140;Do not use hard coded encryption keys;CWE-321
J18767;188;188;Do not use hard coded encryption keys;CWE-321
J18771;45;45;Do not use hard coded encryption keys;CWE-321
J18771;91;91;Do not use hard coded encryption keys;CWE-321
J18771;145;145;Do not use hard coded encryption keys;CWE-321
J18771;193;193;Do not use hard coded encryption keys;CWE-321
J18773;39;39;Do not use hard coded encryption keys;CWE-321
J18773;85;85;Do not use hard coded encryption keys;CWE-321
J18773;139;139;Do not use hard coded encryption keys;CWE-321
J18773;187;187;Do not use hard coded encryption keys;CWE-321
J18775;39;39;Do not use hard coded encryption keys;CWE-321
J18775;85;85;Do not use hard coded encryption keys;CWE-321
J18775;139;139;Do not use hard coded encryption keys;CWE-321
J18775;187;187;Do not use hard coded encryption keys;CWE-321
J18781;39;39;Do not use hard coded encryption keys;CWE-321
J18781;85;85;Do not use hard coded encryption keys;CWE-321
J18781;139;139;Do not use hard coded encryption keys;CWE-321
J18781;187;187;Do not use hard coded encryption keys;CWE-321
J18783;39;39;Do not use hard coded encryption keys;CWE-321
J18783;85;85;Do not use hard coded encryption keys;CWE-321
J18783;139;139;Do not use hard coded encryption keys;CWE-321
J18783;187;187;Do not use hard coded encryption keys;CWE-321
J18785;41;41;Do not use hard coded encryption keys;CWE-321
J18785;94;94;Do not use hard coded encryption keys;CWE-321
J18785;160;160;Do not use hard coded encryption keys;CWE-321
J18785;213;213;Do not use hard coded encryption keys;CWE-321
J18789;36;36;Do not use hard coded encryption keys;CWE-321
J18789;81;81;Do not use hard coded encryption keys;CWE-321
J18791;52;52;Do not use hard coded encryption keys;CWE-321
J18791;100;100;Do not use hard coded encryption keys;CWE-321
J18791;143;143;Do not use hard coded encryption keys;CWE-321
J18793;42;42;Do not use hard coded encryption keys;CWE-321
J18793;95;95;Do not use hard coded encryption keys;CWE-321
J18795;56;56;Do not use hard coded encryption keys;CWE-321
J18795;66;66;Do not use hard coded encryption keys;CWE-321
J18796;75;75;Do not use hard coded encryption keys;CWE-321
J18797;58;58;Do not use hard coded encryption keys;CWE-321
J18797;108;108;Do not use hard coded encryption keys;CWE-321
J18799;60;60;Do not use hard coded encryption keys;CWE-321
J18799;72;72;Do not use hard coded encryption keys;CWE-321
J18234;53;53;Assigning an Object to null is a code smell.  Consider refactoring.;CWE-476
J18235;16;16;Assigning an Object to null is a code smell.  Consider refactoring.;CWE-476
J18235;70;70;Assigning an Object to null is a code smell.  Consider refactoring.;CWE-476
J18368;14;14;Assigning an Object to null is a code smell.  Consider refactoring.;CWE-476
J18369;12;12;Assigning an Object to null is a code smell.  Consider refactoring.;CWE-476
J18369;66;66;Assigning an Object to null is a code smell.  Consider refactoring.;CWE-476
J18452;18;18;Assigning an Object to null is a code smell.  Consider refactoring.;CWE-476
J18453;10;10;Assigning an Object to null is a code smell.  Consider refactoring.;CWE-476
J18453;64;64;Assigning an Object to null is a code smell.  Consider refactoring.;CWE-476
J18458;19;19;Assigning an Object to null is a code smell.  Consider refactoring.;CWE-476
J18459;11;11;Assigning an Object to null is a code smell.  Consider refactoring.;CWE-476
J18459;65;65;Assigning an Object to null is a code smell.  Consider refactoring.;CWE-476
J18584;61;61;Assigning an Object to null is a code smell.  Consider refactoring.;CWE-476
J18585;15;15;Assigning an Object to null is a code smell.  Consider refactoring.;CWE-476
J18585;69;69;Assigning an Object to null is a code smell.  Consider refactoring.;CWE-476
J18588;63;63;Assigning an Object to null is a code smell.  Consider refactoring.;CWE-476
J18589;17;17;Assigning an Object to null is a code smell.  Consider refactoring.;CWE-476
J18589;71;71;Assigning an Object to null is a code smell.  Consider refactoring.;CWE-476
J18596;61;61;Assigning an Object to null is a code smell.  Consider refactoring.;CWE-476
J18597;15;15;Assigning an Object to null is a code smell.  Consider refactoring.;CWE-476
J18597;69;69;Assigning an Object to null is a code smell.  Consider refactoring.;CWE-476
J18604;61;61;Assigning an Object to null is a code smell.  Consider refactoring.;CWE-476
J18605;15;15;Assigning an Object to null is a code smell.  Consider refactoring.;CWE-476
J18605;69;69;Assigning an Object to null is a code smell.  Consider refactoring.;CWE-476
J18630;36;36;Assigning an Object to null is a code smell.  Consider refactoring.;CWE-476
J18631;15;15;Assigning an Object to null is a code smell.  Consider refactoring.;CWE-476
J18631;69;69;Assigning an Object to null is a code smell.  Consider refactoring.;CWE-476
J18670;12;12;Assigning an Object to null is a code smell.  Consider refactoring.;CWE-476
J18671;10;10;Assigning an Object to null is a code smell.  Consider refactoring.;CWE-476
J18671;64;64;Assigning an Object to null is a code smell.  Consider refactoring.;CWE-476
J18686;12;12;Assigning an Object to null is a code smell.  Consider refactoring.;CWE-476
J18687;10;10;Assigning an Object to null is a code smell.  Consider refactoring.;CWE-476
J18687;64;64;Assigning an Object to null is a code smell.  Consider refactoring.;CWE-476
J18702;62;62;Assigning an Object to null is a code smell.  Consider refactoring.;CWE-476
J18702;71;71;Assigning an Object to null is a code smell.  Consider refactoring.;CWE-476
J18702;82;82;Assigning an Object to null is a code smell.  Consider refactoring.;CWE-476
J18703;13;13;Assigning an Object to null is a code smell.  Consider refactoring.;CWE-476
J18703;75;75;Assigning an Object to null is a code smell.  Consider refactoring.;CWE-476
J18703;135;135;Assigning an Object to null is a code smell.  Consider refactoring.;CWE-476
J18736;44;44;Assigning an Object to null is a code smell.  Consider refactoring.;CWE-476
J18737;15;15;Assigning an Object to null is a code smell.  Consider refactoring.;CWE-476
J18737;69;69;Assigning an Object to null is a code smell.  Consider refactoring.;CWE-476
J18758;36;36;Assigning an Object to null is a code smell.  Consider refactoring.;CWE-476
J18759;17;17;Assigning an Object to null is a code smell.  Consider refactoring.;CWE-476
J18759;91;91;Assigning an Object to null is a code smell.  Consider refactoring.;CWE-476
J18759;132;132;Assigning an Object to null is a code smell.  Consider refactoring.;CWE-476
J18759;182;182;Assigning an Object to null is a code smell.  Consider refactoring.;CWE-476
J18760;36;36;Assigning an Object to null is a code smell.  Consider refactoring.;CWE-476
J18761;17;17;Assigning an Object to null is a code smell.  Consider refactoring.;CWE-476
J18761;91;91;Assigning an Object to null is a code smell.  Consider refactoring.;CWE-476
J18761;132;132;Assigning an Object to null is a code smell.  Consider refactoring.;CWE-476
J18761;182;182;Assigning an Object to null is a code smell.  Consider refactoring.;CWE-476
J18764;38;38;Assigning an Object to null is a code smell.  Consider refactoring.;CWE-476
J18765;19;19;Assigning an Object to null is a code smell.  Consider refactoring.;CWE-476
J18765;93;93;Assigning an Object to null is a code smell.  Consider refactoring.;CWE-476
J18765;134;134;Assigning an Object to null is a code smell.  Consider refactoring.;CWE-476
J18765;184;184;Assigning an Object to null is a code smell.  Consider refactoring.;CWE-476
J18766;37;37;Assigning an Object to null is a code smell.  Consider refactoring.;CWE-476
J18767;18;18;Assigning an Object to null is a code smell.  Consider refactoring.;CWE-476
J18767;92;92;Assigning an Object to null is a code smell.  Consider refactoring.;CWE-476
J18767;133;133;Assigning an Object to null is a code smell.  Consider refactoring.;CWE-476
J18767;183;183;Assigning an Object to null is a code smell.  Consider refactoring.;CWE-476
J18770;42;42;Assigning an Object to null is a code smell.  Consider refactoring.;CWE-476
J18771;23;23;Assigning an Object to null is a code smell.  Consider refactoring.;CWE-476
J18771;97;97;Assigning an Object to null is a code smell.  Consider refactoring.;CWE-476
J18771;138;138;Assigning an Object to null is a code smell.  Consider refactoring.;CWE-476
J18771;188;188;Assigning an Object to null is a code smell.  Consider refactoring.;CWE-476
J18772;36;36;Assigning an Object to null is a code smell.  Consider refactoring.;CWE-476
J18773;17;17;Assigning an Object to null is a code smell.  Consider refactoring.;CWE-476
J18773;91;91;Assigning an Object to null is a code smell.  Consider refactoring.;CWE-476
J18773;132;132;Assigning an Object to null is a code smell.  Consider refactoring.;CWE-476
J18773;182;182;Assigning an Object to null is a code smell.  Consider refactoring.;CWE-476
J18774;36;36;Assigning an Object to null is a code smell.  Consider refactoring.;CWE-476
J18775;17;17;Assigning an Object to null is a code smell.  Consider refactoring.;CWE-476
J18775;91;91;Assigning an Object to null is a code smell.  Consider refactoring.;CWE-476
J18775;132;132;Assigning an Object to null is a code smell.  Consider refactoring.;CWE-476
J18775;182;182;Assigning an Object to null is a code smell.  Consider refactoring.;CWE-476
J18780;36;36;Assigning an Object to null is a code smell.  Consider refactoring.;CWE-476
J18781;17;17;Assigning an Object to null is a code smell.  Consider refactoring.;CWE-476
J18781;91;91;Assigning an Object to null is a code smell.  Consider refactoring.;CWE-476
J18781;132;132;Assigning an Object to null is a code smell.  Consider refactoring.;CWE-476
J18781;182;182;Assigning an Object to null is a code smell.  Consider refactoring.;CWE-476
J18782;36;36;Assigning an Object to null is a code smell.  Consider refactoring.;CWE-476
J18783;17;17;Assigning an Object to null is a code smell.  Consider refactoring.;CWE-476
J18783;91;91;Assigning an Object to null is a code smell.  Consider refactoring.;CWE-476
J18783;132;132;Assigning an Object to null is a code smell.  Consider refactoring.;CWE-476
J18783;182;182;Assigning an Object to null is a code smell.  Consider refactoring.;CWE-476
J18784;38;38;Assigning an Object to null is a code smell.  Consider refactoring.;CWE-476
J18785;18;18;Assigning an Object to null is a code smell.  Consider refactoring.;CWE-476
J18785;101;101;Assigning an Object to null is a code smell.  Consider refactoring.;CWE-476
J18785;150;150;Assigning an Object to null is a code smell.  Consider refactoring.;CWE-476
J18785;206;206;Assigning an Object to null is a code smell.  Consider refactoring.;CWE-476
J18802;12;12;Assigning an Object to null is a code smell.  Consider refactoring.;CWE-476
J18803;10;10;Assigning an Object to null is a code smell.  Consider refactoring.;CWE-476
J18803;68;68;Assigning an Object to null is a code smell.  Consider refactoring.;CWE-476
J18806;14;14;Assigning an Object to null is a code smell.  Consider refactoring.;CWE-476
J18807;12;12;Assigning an Object to null is a code smell.  Consider refactoring.;CWE-476
J18807;70;70;Assigning an Object to null is a code smell.  Consider refactoring.;CWE-476
J18826;12;12;Assigning an Object to null is a code smell.  Consider refactoring.;CWE-476
J18827;10;10;Assigning an Object to null is a code smell.  Consider refactoring.;CWE-476
J18827;68;68;Assigning an Object to null is a code smell.  Consider refactoring.;CWE-476
J18848;13;13;Assigning an Object to null is a code smell.  Consider refactoring.;CWE-476
J18849;11;11;Assigning an Object to null is a code smell.  Consider refactoring.;CWE-476
J18849;40;40;Assigning an Object to null is a code smell.  Consider refactoring.;CWE-476
J18860;13;13;Assigning an Object to null is a code smell.  Consider refactoring.;CWE-476
J18861;11;11;Assigning an Object to null is a code smell.  Consider refactoring.;CWE-476
J18861;40;40;Assigning an Object to null is a code smell.  Consider refactoring.;CWE-476
J18868;13;13;Assigning an Object to null is a code smell.  Consider refactoring.;CWE-476
J18869;11;11;Assigning an Object to null is a code smell.  Consider refactoring.;CWE-476
J18869;40;40;Assigning an Object to null is a code smell.  Consider refactoring.;CWE-476
J18872;15;15;Assigning an Object to null is a code smell.  Consider refactoring.;CWE-476
J18873;12;12;Assigning an Object to null is a code smell.  Consider refactoring.;CWE-476
J18873;45;45;Assigning an Object to null is a code smell.  Consider refactoring.;CWE-476
J18892;12;12;Assigning an Object to null is a code smell.  Consider refactoring.;CWE-476
J18893;10;10;Assigning an Object to null is a code smell.  Consider refactoring.;CWE-476
J18893;38;38;Assigning an Object to null is a code smell.  Consider refactoring.;CWE-476
J18904;12;12;Assigning an Object to null is a code smell.  Consider refactoring.;CWE-476
J18905;10;10;Assigning an Object to null is a code smell.  Consider refactoring.;CWE-476
J18905;38;38;Assigning an Object to null is a code smell.  Consider refactoring.;CWE-476
J18914;12;12;Assigning an Object to null is a code smell.  Consider refactoring.;CWE-476
J18915;10;10;Assigning an Object to null is a code smell.  Consider refactoring.;CWE-476
J18915;38;38;Assigning an Object to null is a code smell.  Consider refactoring.;CWE-476
J18934;15;15;Assigning an Object to null is a code smell.  Consider refactoring.;CWE-476
J18935;13;13;Assigning an Object to null is a code smell.  Consider refactoring.;CWE-476
J18935;46;46;Assigning an Object to null is a code smell.  Consider refactoring.;CWE-476
J18936;15;15;Assigning an Object to null is a code smell.  Consider refactoring.;CWE-476
J18937;13;13;Assigning an Object to null is a code smell.  Consider refactoring.;CWE-476
J18937;46;46;Assigning an Object to null is a code smell.  Consider refactoring.;CWE-476
J18938;17;17;Assigning an Object to null is a code smell.  Consider refactoring.;CWE-476
J18939;15;15;Assigning an Object to null is a code smell.  Consider refactoring.;CWE-476
J18939;48;48;Assigning an Object to null is a code smell.  Consider refactoring.;CWE-476
J18940;17;17;Assigning an Object to null is a code smell.  Consider refactoring.;CWE-476
J18941;15;15;Assigning an Object to null is a code smell.  Consider refactoring.;CWE-476
J18941;48;48;Assigning an Object to null is a code smell.  Consider refactoring.;CWE-476
J18942;16;16;Assigning an Object to null is a code smell.  Consider refactoring.;CWE-476
J18943;14;14;Assigning an Object to null is a code smell.  Consider refactoring.;CWE-476
J18943;47;47;Assigning an Object to null is a code smell.  Consider refactoring.;CWE-476
J18944;16;16;Assigning an Object to null is a code smell.  Consider refactoring.;CWE-476
J18945;14;14;Assigning an Object to null is a code smell.  Consider refactoring.;CWE-476
J18945;47;47;Assigning an Object to null is a code smell.  Consider refactoring.;CWE-476
J18948;15;15;Assigning an Object to null is a code smell.  Consider refactoring.;CWE-476
J18949;13;13;Assigning an Object to null is a code smell.  Consider refactoring.;CWE-476
J18949;46;46;Assigning an Object to null is a code smell.  Consider refactoring.;CWE-476
J18950;15;15;Assigning an Object to null is a code smell.  Consider refactoring.;CWE-476
J18951;13;13;Assigning an Object to null is a code smell.  Consider refactoring.;CWE-476
J18951;46;46;Assigning an Object to null is a code smell.  Consider refactoring.;CWE-476
J18956;15;15;Assigning an Object to null is a code smell.  Consider refactoring.;CWE-476
J18957;13;13;Assigning an Object to null is a code smell.  Consider refactoring.;CWE-476
J18957;46;46;Assigning an Object to null is a code smell.  Consider refactoring.;CWE-476
J18960;17;17;Assigning an Object to null is a code smell.  Consider refactoring.;CWE-476
J18961;14;14;Assigning an Object to null is a code smell.  Consider refactoring.;CWE-476
J18961;51;51;Assigning an Object to null is a code smell.  Consider refactoring.;CWE-476
J18966;30;30;Assigning an Object to null is a code smell.  Consider refactoring.;CWE-476
J18966;39;39;Assigning an Object to null is a code smell.  Consider refactoring.;CWE-476
J18966;64;64;Assigning an Object to null is a code smell.  Consider refactoring.;CWE-476
J18967;16;16;Assigning an Object to null is a code smell.  Consider refactoring.;CWE-476
J18967;43;43;Assigning an Object to null is a code smell.  Consider refactoring.;CWE-476
J18967;82;82;Assigning an Object to null is a code smell.  Consider refactoring.;CWE-476
J18994;51;51;Assigning an Object to null is a code smell.  Consider refactoring.;CWE-476
J18995;14;14;Assigning an Object to null is a code smell.  Consider refactoring.;CWE-476
J18995;62;62;Assigning an Object to null is a code smell.  Consider refactoring.;CWE-476
J19000;51;51;Assigning an Object to null is a code smell.  Consider refactoring.;CWE-476
J19001;14;14;Assigning an Object to null is a code smell.  Consider refactoring.;CWE-476
J19001;62;62;Assigning an Object to null is a code smell.  Consider refactoring.;CWE-476
J19024;41;41;Assigning an Object to null is a code smell.  Consider refactoring.;CWE-476
J19025;13;13;Assigning an Object to null is a code smell.  Consider refactoring.;CWE-476
J19025;61;61;Assigning an Object to null is a code smell.  Consider refactoring.;CWE-476
J19122;18;18;Assigning an Object to null is a code smell.  Consider refactoring.;CWE-476
J19123;16;16;Assigning an Object to null is a code smell.  Consider refactoring.;CWE-476
J19123;64;64;Assigning an Object to null is a code smell.  Consider refactoring.;CWE-476
J19156;53;53;Assigning an Object to null is a code smell.  Consider refactoring.;CWE-476
J19157;15;15;Assigning an Object to null is a code smell.  Consider refactoring.;CWE-476
J19157;63;63;Assigning an Object to null is a code smell.  Consider refactoring.;CWE-476
J19344;61;61;Assigning an Object to null is a code smell.  Consider refactoring.;CWE-476
J19345;15;15;Assigning an Object to null is a code smell.  Consider refactoring.;CWE-476
J19345;63;63;Assigning an Object to null is a code smell.  Consider refactoring.;CWE-476
J19346;61;61;Assigning an Object to null is a code smell.  Consider refactoring.;CWE-476
J19347;15;15;Assigning an Object to null is a code smell.  Consider refactoring.;CWE-476
J19347;63;63;Assigning an Object to null is a code smell.  Consider refactoring.;CWE-476
J19354;61;61;Assigning an Object to null is a code smell.  Consider refactoring.;CWE-476
J19355;15;15;Assigning an Object to null is a code smell.  Consider refactoring.;CWE-476
J19355;63;63;Assigning an Object to null is a code smell.  Consider refactoring.;CWE-476
J19374;34;34;Assigning an Object to null is a code smell.  Consider refactoring.;CWE-476
J19375;13;13;Assigning an Object to null is a code smell.  Consider refactoring.;CWE-476
J19375;61;61;Assigning an Object to null is a code smell.  Consider refactoring.;CWE-476
J19382;35;35;Assigning an Object to null is a code smell.  Consider refactoring.;CWE-476
J19383;14;14;Assigning an Object to null is a code smell.  Consider refactoring.;CWE-476
J19383;62;62;Assigning an Object to null is a code smell.  Consider refactoring.;CWE-476
J19400;36;36;Assigning an Object to null is a code smell.  Consider refactoring.;CWE-476
J19401;14;14;Assigning an Object to null is a code smell.  Consider refactoring.;CWE-476
J19401;66;66;Assigning an Object to null is a code smell.  Consider refactoring.;CWE-476
J19588;7;7;Assigning an Object to null is a code smell.  Consider refactoring.;CWE-476
J19588;9;9;Assigning an Object to null is a code smell.  Consider refactoring.;CWE-476
J19589;7;7;Assigning an Object to null is a code smell.  Consider refactoring.;CWE-476
J19589;20;20;Assigning an Object to null is a code smell.  Consider refactoring.;CWE-476
J19589;29;29;Assigning an Object to null is a code smell.  Consider refactoring.;CWE-476
J19589;31;31;Assigning an Object to null is a code smell.  Consider refactoring.;CWE-476
J19589;46;46;Assigning an Object to null is a code smell.  Consider refactoring.;CWE-476
J19589;48;48;Assigning an Object to null is a code smell.  Consider refactoring.;CWE-476
J19648;6;6;Assigning an Object to null is a code smell.  Consider refactoring.;CWE-476
J19649;13;13;Assigning an Object to null is a code smell.  Consider refactoring.;CWE-476
J19720;7;7;Assigning an Object to null is a code smell.  Consider refactoring.;CWE-476
J19720;9;9;Assigning an Object to null is a code smell.  Consider refactoring.;CWE-476
J19721;7;7;Assigning an Object to null is a code smell.  Consider refactoring.;CWE-476
J19721;20;20;Assigning an Object to null is a code smell.  Consider refactoring.;CWE-476
J19721;29;29;Assigning an Object to null is a code smell.  Consider refactoring.;CWE-476
J19721;31;31;Assigning an Object to null is a code smell.  Consider refactoring.;CWE-476
J19721;46;46;Assigning an Object to null is a code smell.  Consider refactoring.;CWE-476
J19721;48;48;Assigning an Object to null is a code smell.  Consider refactoring.;CWE-476
J19730;8;8;Assigning an Object to null is a code smell.  Consider refactoring.;CWE-476
J19731;24;24;Assigning an Object to null is a code smell.  Consider refactoring.;CWE-476
J19736;13;13;Assigning an Object to null is a code smell.  Consider refactoring.;CWE-476
J19737;31;31;Assigning an Object to null is a code smell.  Consider refactoring.;CWE-476
J19740;7;7;Assigning an Object to null is a code smell.  Consider refactoring.;CWE-476
J19740;9;9;Assigning an Object to null is a code smell.  Consider refactoring.;CWE-476
J19741;7;7;Assigning an Object to null is a code smell.  Consider refactoring.;CWE-476
J19741;20;20;Assigning an Object to null is a code smell.  Consider refactoring.;CWE-476
J19741;29;29;Assigning an Object to null is a code smell.  Consider refactoring.;CWE-476
J19741;31;31;Assigning an Object to null is a code smell.  Consider refactoring.;CWE-476
J19741;46;46;Assigning an Object to null is a code smell.  Consider refactoring.;CWE-476
J19741;48;48;Assigning an Object to null is a code smell.  Consider refactoring.;CWE-476
J19742;7;7;Assigning an Object to null is a code smell.  Consider refactoring.;CWE-476
J19742;9;9;Assigning an Object to null is a code smell.  Consider refactoring.;CWE-476
J19743;7;7;Assigning an Object to null is a code smell.  Consider refactoring.;CWE-476
J19743;20;20;Assigning an Object to null is a code smell.  Consider refactoring.;CWE-476
J19743;29;29;Assigning an Object to null is a code smell.  Consider refactoring.;CWE-476
J19743;31;31;Assigning an Object to null is a code smell.  Consider refactoring.;CWE-476
J19743;46;46;Assigning an Object to null is a code smell.  Consider refactoring.;CWE-476
J19743;48;48;Assigning an Object to null is a code smell.  Consider refactoring.;CWE-476
J19758;7;7;Assigning an Object to null is a code smell.  Consider refactoring.;CWE-476
J19758;9;9;Assigning an Object to null is a code smell.  Consider refactoring.;CWE-476
J19759;7;7;Assigning an Object to null is a code smell.  Consider refactoring.;CWE-476
J19759;20;20;Assigning an Object to null is a code smell.  Consider refactoring.;CWE-476
J19759;29;29;Assigning an Object to null is a code smell.  Consider refactoring.;CWE-476
J19759;31;31;Assigning an Object to null is a code smell.  Consider refactoring.;CWE-476
J19759;46;46;Assigning an Object to null is a code smell.  Consider refactoring.;CWE-476
J19759;48;48;Assigning an Object to null is a code smell.  Consider refactoring.;CWE-476
J19760;7;7;Assigning an Object to null is a code smell.  Consider refactoring.;CWE-476
J19761;20;20;Assigning an Object to null is a code smell.  Consider refactoring.;CWE-476
J19761;22;22;Assigning an Object to null is a code smell.  Consider refactoring.;CWE-476
J19852;12;12;Assigning an Object to null is a code smell.  Consider refactoring.;CWE-476
J19853;10;10;Assigning an Object to null is a code smell.  Consider refactoring.;CWE-476
J19853;59;59;Assigning an Object to null is a code smell.  Consider refactoring.;CWE-476
J19854;12;12;Assigning an Object to null is a code smell.  Consider refactoring.;CWE-476
J19855;10;10;Assigning an Object to null is a code smell.  Consider refactoring.;CWE-476
J19855;59;59;Assigning an Object to null is a code smell.  Consider refactoring.;CWE-476
J19858;14;14;Assigning an Object to null is a code smell.  Consider refactoring.;CWE-476
J19859;12;12;Assigning an Object to null is a code smell.  Consider refactoring.;CWE-476
J19859;61;61;Assigning an Object to null is a code smell.  Consider refactoring.;CWE-476
J19860;13;13;Assigning an Object to null is a code smell.  Consider refactoring.;CWE-476
J19861;11;11;Assigning an Object to null is a code smell.  Consider refactoring.;CWE-476
J19861;60;60;Assigning an Object to null is a code smell.  Consider refactoring.;CWE-476
J19862;13;13;Assigning an Object to null is a code smell.  Consider refactoring.;CWE-476
J19863;11;11;Assigning an Object to null is a code smell.  Consider refactoring.;CWE-476
J19863;60;60;Assigning an Object to null is a code smell.  Consider refactoring.;CWE-476
J19864;18;18;Assigning an Object to null is a code smell.  Consider refactoring.;CWE-476
J19865;16;16;Assigning an Object to null is a code smell.  Consider refactoring.;CWE-476
J19865;65;65;Assigning an Object to null is a code smell.  Consider refactoring.;CWE-476
J19866;12;12;Assigning an Object to null is a code smell.  Consider refactoring.;CWE-476
J19867;10;10;Assigning an Object to null is a code smell.  Consider refactoring.;CWE-476
J19867;59;59;Assigning an Object to null is a code smell.  Consider refactoring.;CWE-476
J19870;12;12;Assigning an Object to null is a code smell.  Consider refactoring.;CWE-476
J19871;10;10;Assigning an Object to null is a code smell.  Consider refactoring.;CWE-476
J19871;59;59;Assigning an Object to null is a code smell.  Consider refactoring.;CWE-476
J19874;12;12;Assigning an Object to null is a code smell.  Consider refactoring.;CWE-476
J19875;10;10;Assigning an Object to null is a code smell.  Consider refactoring.;CWE-476
J19875;59;59;Assigning an Object to null is a code smell.  Consider refactoring.;CWE-476
J19876;12;12;Assigning an Object to null is a code smell.  Consider refactoring.;CWE-476
J19877;10;10;Assigning an Object to null is a code smell.  Consider refactoring.;CWE-476
J19877;59;59;Assigning an Object to null is a code smell.  Consider refactoring.;CWE-476
J19878;14;14;Assigning an Object to null is a code smell.  Consider refactoring.;CWE-476
J19879;11;11;Assigning an Object to null is a code smell.  Consider refactoring.;CWE-476
J19879;64;64;Assigning an Object to null is a code smell.  Consider refactoring.;CWE-476
J19884;57;57;Assigning an Object to null is a code smell.  Consider refactoring.;CWE-476
J19884;66;66;Assigning an Object to null is a code smell.  Consider refactoring.;CWE-476
J19884;77;77;Assigning an Object to null is a code smell.  Consider refactoring.;CWE-476
J19885;13;13;Assigning an Object to null is a code smell.  Consider refactoring.;CWE-476
J19885;70;70;Assigning an Object to null is a code smell.  Consider refactoring.;CWE-476
J19885;125;125;Assigning an Object to null is a code smell.  Consider refactoring.;CWE-476
J19898;50;50;Assigning an Object to null is a code smell.  Consider refactoring.;CWE-476
J19899;13;13;Assigning an Object to null is a code smell.  Consider refactoring.;CWE-476
J19899;35;35;Assigning an Object to null is a code smell.  Consider refactoring.;CWE-476
J19899;90;90;Assigning an Object to null is a code smell.  Consider refactoring.;CWE-476
J19899;149;149;Assigning an Object to null is a code smell.  Consider refactoring.;CWE-476
J19954;40;40;Assigning an Object to null is a code smell.  Consider refactoring.;CWE-476
J19955;12;12;Assigning an Object to null is a code smell.  Consider refactoring.;CWE-476
J19955;34;34;Assigning an Object to null is a code smell.  Consider refactoring.;CWE-476
J19955;80;80;Assigning an Object to null is a code smell.  Consider refactoring.;CWE-476
J19955;130;130;Assigning an Object to null is a code smell.  Consider refactoring.;CWE-476
J20008;50;50;Assigning an Object to null is a code smell.  Consider refactoring.;CWE-476
J20009;13;13;Assigning an Object to null is a code smell.  Consider refactoring.;CWE-476
J20009;35;35;Assigning an Object to null is a code smell.  Consider refactoring.;CWE-476
J20009;90;90;Assigning an Object to null is a code smell.  Consider refactoring.;CWE-476
J20009;149;149;Assigning an Object to null is a code smell.  Consider refactoring.;CWE-476
J20098;54;54;Assigning an Object to null is a code smell.  Consider refactoring.;CWE-476
J20099;15;15;Assigning an Object to null is a code smell.  Consider refactoring.;CWE-476
J20099;46;46;Assigning an Object to null is a code smell.  Consider refactoring.;CWE-476
J20099;110;110;Assigning an Object to null is a code smell.  Consider refactoring.;CWE-476
J20099;176;176;Assigning an Object to null is a code smell.  Consider refactoring.;CWE-476
J20118;16;16;Assigning an Object to null is a code smell.  Consider refactoring.;CWE-476
J20119;8;8;Assigning an Object to null is a code smell.  Consider refactoring.;CWE-476
J20119;30;30;Assigning an Object to null is a code smell.  Consider refactoring.;CWE-476
J20119;56;56;Assigning an Object to null is a code smell.  Consider refactoring.;CWE-476
J20119;86;86;Assigning an Object to null is a code smell.  Consider refactoring.;CWE-476
J20208;23;23;Assigning an Object to null is a code smell.  Consider refactoring.;CWE-476
J20209;11;11;Assigning an Object to null is a code smell.  Consider refactoring.;CWE-476
J20209;33;33;Assigning an Object to null is a code smell.  Consider refactoring.;CWE-476
J20209;63;63;Assigning an Object to null is a code smell.  Consider refactoring.;CWE-476
J20209;97;97;Assigning an Object to null is a code smell.  Consider refactoring.;CWE-476
J20212;22;22;Assigning an Object to null is a code smell.  Consider refactoring.;CWE-476
J20213;10;10;Assigning an Object to null is a code smell.  Consider refactoring.;CWE-476
J20213;32;32;Assigning an Object to null is a code smell.  Consider refactoring.;CWE-476
J20213;62;62;Assigning an Object to null is a code smell.  Consider refactoring.;CWE-476
J20213;96;96;Assigning an Object to null is a code smell.  Consider refactoring.;CWE-476
J20302;34;34;Assigning an Object to null is a code smell.  Consider refactoring.;CWE-476
J20303;13;13;Assigning an Object to null is a code smell.  Consider refactoring.;CWE-476
J20303;35;35;Assigning an Object to null is a code smell.  Consider refactoring.;CWE-476
J20303;74;74;Assigning an Object to null is a code smell.  Consider refactoring.;CWE-476
J20303;117;117;Assigning an Object to null is a code smell.  Consider refactoring.;CWE-476
J20316;33;33;Assigning an Object to null is a code smell.  Consider refactoring.;CWE-476
J20317;12;12;Assigning an Object to null is a code smell.  Consider refactoring.;CWE-476
J20317;34;34;Assigning an Object to null is a code smell.  Consider refactoring.;CWE-476
J20317;73;73;Assigning an Object to null is a code smell.  Consider refactoring.;CWE-476
J20317;116;116;Assigning an Object to null is a code smell.  Consider refactoring.;CWE-476
J20384;45;45;Assigning an Object to null is a code smell.  Consider refactoring.;CWE-476
J20385;16;16;Assigning an Object to null is a code smell.  Consider refactoring.;CWE-476
J20385;38;38;Assigning an Object to null is a code smell.  Consider refactoring.;CWE-476
J20385;85;85;Assigning an Object to null is a code smell.  Consider refactoring.;CWE-476
J20385;136;136;Assigning an Object to null is a code smell.  Consider refactoring.;CWE-476
J20432;51;51;Assigning an Object to null is a code smell.  Consider refactoring.;CWE-476
J20433;14;14;Assigning an Object to null is a code smell.  Consider refactoring.;CWE-476
J20433;32;32;Assigning an Object to null is a code smell.  Consider refactoring.;CWE-476
J20478;41;41;Assigning an Object to null is a code smell.  Consider refactoring.;CWE-476
J20479;13;13;Assigning an Object to null is a code smell.  Consider refactoring.;CWE-476
J20479;31;31;Assigning an Object to null is a code smell.  Consider refactoring.;CWE-476
J20626;54;54;Assigning an Object to null is a code smell.  Consider refactoring.;CWE-476
J20627;15;15;Assigning an Object to null is a code smell.  Consider refactoring.;CWE-476
J20627;37;37;Assigning an Object to null is a code smell.  Consider refactoring.;CWE-476
J20632;66;66;Assigning an Object to null is a code smell.  Consider refactoring.;CWE-476
J20632;75;75;Assigning an Object to null is a code smell.  Consider refactoring.;CWE-476
J20632;86;86;Assigning an Object to null is a code smell.  Consider refactoring.;CWE-476
J20633;53;53;Assigning an Object to null is a code smell.  Consider refactoring.;CWE-476
J20633;79;79;Assigning an Object to null is a code smell.  Consider refactoring.;CWE-476
J20633;103;103;Assigning an Object to null is a code smell.  Consider refactoring.;CWE-476
J20676;30;30;Assigning an Object to null is a code smell.  Consider refactoring.;CWE-476
J20676;39;39;Assigning an Object to null is a code smell.  Consider refactoring.;CWE-476
J20676;50;50;Assigning an Object to null is a code smell.  Consider refactoring.;CWE-476
J20677;17;17;Assigning an Object to null is a code smell.  Consider refactoring.;CWE-476
J20677;43;43;Assigning an Object to null is a code smell.  Consider refactoring.;CWE-476
J20677;67;67;Assigning an Object to null is a code smell.  Consider refactoring.;CWE-476
J20736;23;23;Assigning an Object to null is a code smell.  Consider refactoring.;CWE-476
J20737;11;11;Assigning an Object to null is a code smell.  Consider refactoring.;CWE-476
J20737;29;29;Assigning an Object to null is a code smell.  Consider refactoring.;CWE-476
J20756;21;21;Assigning an Object to null is a code smell.  Consider refactoring.;CWE-476
J20757;9;9;Assigning an Object to null is a code smell.  Consider refactoring.;CWE-476
J20757;27;27;Assigning an Object to null is a code smell.  Consider refactoring.;CWE-476
J20808;74;74;Assigning an Object to null is a code smell.  Consider refactoring.;CWE-476
J20808;83;83;Assigning an Object to null is a code smell.  Consider refactoring.;CWE-476
J20808;94;94;Assigning an Object to null is a code smell.  Consider refactoring.;CWE-476
J20809;61;61;Assigning an Object to null is a code smell.  Consider refactoring.;CWE-476
J20809;87;87;Assigning an Object to null is a code smell.  Consider refactoring.;CWE-476
J20809;111;111;Assigning an Object to null is a code smell.  Consider refactoring.;CWE-476
J20822;33;33;Assigning an Object to null is a code smell.  Consider refactoring.;CWE-476
J20823;12;12;Assigning an Object to null is a code smell.  Consider refactoring.;CWE-476
J20823;30;30;Assigning an Object to null is a code smell.  Consider refactoring.;CWE-476
J20830;34;34;Assigning an Object to null is a code smell.  Consider refactoring.;CWE-476
J20831;13;13;Assigning an Object to null is a code smell.  Consider refactoring.;CWE-476
J20831;31;31;Assigning an Object to null is a code smell.  Consider refactoring.;CWE-476
J20890;12;12;Assigning an Object to null is a code smell.  Consider refactoring.;CWE-476
J20891;9;9;Assigning an Object to null is a code smell.  Consider refactoring.;CWE-476
J20891;31;31;Assigning an Object to null is a code smell.  Consider refactoring.;CWE-476
J21062;52;52;Assigning an Object to null is a code smell.  Consider refactoring.;CWE-476
J21063;14;14;Assigning an Object to null is a code smell.  Consider refactoring.;CWE-476
J21063;27;27;Assigning an Object to null is a code smell.  Consider refactoring.;CWE-476
J21138;11;11;Assigning an Object to null is a code smell.  Consider refactoring.;CWE-476
J21139;9;9;Assigning an Object to null is a code smell.  Consider refactoring.;CWE-476
J21139;22;22;Assigning an Object to null is a code smell.  Consider refactoring.;CWE-476
J21176;23;23;Assigning an Object to null is a code smell.  Consider refactoring.;CWE-476
J21177;11;11;Assigning an Object to null is a code smell.  Consider refactoring.;CWE-476
J21177;24;24;Assigning an Object to null is a code smell.  Consider refactoring.;CWE-476
J21318;43;43;Assigning an Object to null is a code smell.  Consider refactoring.;CWE-476
J21319;14;14;Assigning an Object to null is a code smell.  Consider refactoring.;CWE-476
J21319;27;27;Assigning an Object to null is a code smell.  Consider refactoring.;CWE-476
J21362;50;50;Assigning an Object to null is a code smell.  Consider refactoring.;CWE-476
J21363;13;13;Assigning an Object to null is a code smell.  Consider refactoring.;CWE-476
J21363;26;26;Assigning an Object to null is a code smell.  Consider refactoring.;CWE-476
J21442;54;54;Assigning an Object to null is a code smell.  Consider refactoring.;CWE-476
J21443;16;16;Assigning an Object to null is a code smell.  Consider refactoring.;CWE-476
J21443;29;29;Assigning an Object to null is a code smell.  Consider refactoring.;CWE-476
J21460;52;52;Assigning an Object to null is a code smell.  Consider refactoring.;CWE-476
J21461;14;14;Assigning an Object to null is a code smell.  Consider refactoring.;CWE-476
J21461;27;27;Assigning an Object to null is a code smell.  Consider refactoring.;CWE-476
J21498;16;16;Assigning an Object to null is a code smell.  Consider refactoring.;CWE-476
J21499;8;8;Assigning an Object to null is a code smell.  Consider refactoring.;CWE-476
J21499;21;21;Assigning an Object to null is a code smell.  Consider refactoring.;CWE-476
J21572;23;23;Assigning an Object to null is a code smell.  Consider refactoring.;CWE-476
J21573;11;11;Assigning an Object to null is a code smell.  Consider refactoring.;CWE-476
J21573;24;24;Assigning an Object to null is a code smell.  Consider refactoring.;CWE-476
J21600;30;30;Assigning an Object to null is a code smell.  Consider refactoring.;CWE-476
J21600;39;39;Assigning an Object to null is a code smell.  Consider refactoring.;CWE-476
J21600;50;50;Assigning an Object to null is a code smell.  Consider refactoring.;CWE-476
J21601;22;22;Assigning an Object to null is a code smell.  Consider refactoring.;CWE-476
J21601;43;43;Assigning an Object to null is a code smell.  Consider refactoring.;CWE-476
J21601;62;62;Assigning an Object to null is a code smell.  Consider refactoring.;CWE-476
J21726;45;45;Assigning an Object to null is a code smell.  Consider refactoring.;CWE-476
J21727;15;15;Assigning an Object to null is a code smell.  Consider refactoring.;CWE-476
J21727;32;32;Assigning an Object to null is a code smell.  Consider refactoring.;CWE-476
J21754;51;51;Assigning an Object to null is a code smell.  Consider refactoring.;CWE-476
J21755;14;14;Assigning an Object to null is a code smell.  Consider refactoring.;CWE-476
J21755;27;27;Assigning an Object to null is a code smell.  Consider refactoring.;CWE-476
J21802;50;50;Assigning an Object to null is a code smell.  Consider refactoring.;CWE-476
J21803;13;13;Assigning an Object to null is a code smell.  Consider refactoring.;CWE-476
J21803;26;26;Assigning an Object to null is a code smell.  Consider refactoring.;CWE-476
J21884;17;17;Assigning an Object to null is a code smell.  Consider refactoring.;CWE-476
J21885;9;9;Assigning an Object to null is a code smell.  Consider refactoring.;CWE-476
J21885;22;22;Assigning an Object to null is a code smell.  Consider refactoring.;CWE-476
J21888;22;22;Assigning an Object to null is a code smell.  Consider refactoring.;CWE-476
J21889;14;14;Assigning an Object to null is a code smell.  Consider refactoring.;CWE-476
J21889;27;27;Assigning an Object to null is a code smell.  Consider refactoring.;CWE-476
J21902;18;18;Assigning an Object to null is a code smell.  Consider refactoring.;CWE-476
J21903;9;9;Assigning an Object to null is a code smell.  Consider refactoring.;CWE-476
J21903;26;26;Assigning an Object to null is a code smell.  Consider refactoring.;CWE-476
J22014;62;62;Assigning an Object to null is a code smell.  Consider refactoring.;CWE-476
J22015;16;16;Assigning an Object to null is a code smell.  Consider refactoring.;CWE-476
J22015;29;29;Assigning an Object to null is a code smell.  Consider refactoring.;CWE-476
J22026;60;60;Assigning an Object to null is a code smell.  Consider refactoring.;CWE-476
J22027;14;14;Assigning an Object to null is a code smell.  Consider refactoring.;CWE-476
J22027;27;27;Assigning an Object to null is a code smell.  Consider refactoring.;CWE-476
J22032;60;60;Assigning an Object to null is a code smell.  Consider refactoring.;CWE-476
J22033;14;14;Assigning an Object to null is a code smell.  Consider refactoring.;CWE-476
J22033;27;27;Assigning an Object to null is a code smell.  Consider refactoring.;CWE-476
J22054;33;33;Assigning an Object to null is a code smell.  Consider refactoring.;CWE-476
J22055;12;12;Assigning an Object to null is a code smell.  Consider refactoring.;CWE-476
J22055;25;25;Assigning an Object to null is a code smell.  Consider refactoring.;CWE-476
J22066;33;33;Assigning an Object to null is a code smell.  Consider refactoring.;CWE-476
J22067;12;12;Assigning an Object to null is a code smell.  Consider refactoring.;CWE-476
J22067;25;25;Assigning an Object to null is a code smell.  Consider refactoring.;CWE-476
J22078;35;35;Assigning an Object to null is a code smell.  Consider refactoring.;CWE-476
J22079;13;13;Assigning an Object to null is a code smell.  Consider refactoring.;CWE-476
J22079;30;30;Assigning an Object to null is a code smell.  Consider refactoring.;CWE-476
J22118;43;43;Assigning an Object to null is a code smell.  Consider refactoring.;CWE-476
J22119;14;14;Assigning an Object to null is a code smell.  Consider refactoring.;CWE-476
J22119;27;27;Assigning an Object to null is a code smell.  Consider refactoring.;CWE-476
J22150;51;51;Assigning an Object to null is a code smell.  Consider refactoring.;CWE-476
J22151;14;14;Assigning an Object to null is a code smell.  Consider refactoring.;CWE-476
J22151;27;27;Assigning an Object to null is a code smell.  Consider refactoring.;CWE-476
J22152;56;56;Assigning an Object to null is a code smell.  Consider refactoring.;CWE-476
J22153;19;19;Assigning an Object to null is a code smell.  Consider refactoring.;CWE-476
J22153;32;32;Assigning an Object to null is a code smell.  Consider refactoring.;CWE-476
J22186;50;50;Assigning an Object to null is a code smell.  Consider refactoring.;CWE-476
J22187;13;13;Assigning an Object to null is a code smell.  Consider refactoring.;CWE-476
J22187;26;26;Assigning an Object to null is a code smell.  Consider refactoring.;CWE-476
J22324;11;11;Assigning an Object to null is a code smell.  Consider refactoring.;CWE-476
J22325;9;9;Assigning an Object to null is a code smell.  Consider refactoring.;CWE-476
J22325;22;22;Assigning an Object to null is a code smell.  Consider refactoring.;CWE-476
J22340;10;10;Assigning an Object to null is a code smell.  Consider refactoring.;CWE-476
J22341;8;8;Assigning an Object to null is a code smell.  Consider refactoring.;CWE-476
J22341;21;21;Assigning an Object to null is a code smell.  Consider refactoring.;CWE-476
J22374;21;21;Assigning an Object to null is a code smell.  Consider refactoring.;CWE-476
J22375;9;9;Assigning an Object to null is a code smell.  Consider refactoring.;CWE-476
J22375;22;22;Assigning an Object to null is a code smell.  Consider refactoring.;CWE-476
J22408;62;62;Assigning an Object to null is a code smell.  Consider refactoring.;CWE-476
J22409;16;16;Assigning an Object to null is a code smell.  Consider refactoring.;CWE-476
J22409;29;29;Assigning an Object to null is a code smell.  Consider refactoring.;CWE-476
J22416;66;66;Assigning an Object to null is a code smell.  Consider refactoring.;CWE-476
J22417;20;20;Assigning an Object to null is a code smell.  Consider refactoring.;CWE-476
J22417;33;33;Assigning an Object to null is a code smell.  Consider refactoring.;CWE-476
J22420;60;60;Assigning an Object to null is a code smell.  Consider refactoring.;CWE-476
J22421;14;14;Assigning an Object to null is a code smell.  Consider refactoring.;CWE-476
J22421;27;27;Assigning an Object to null is a code smell.  Consider refactoring.;CWE-476
J22464;33;33;Assigning an Object to null is a code smell.  Consider refactoring.;CWE-476
J22465;12;12;Assigning an Object to null is a code smell.  Consider refactoring.;CWE-476
J22465;25;25;Assigning an Object to null is a code smell.  Consider refactoring.;CWE-476
J22472;33;33;Assigning an Object to null is a code smell.  Consider refactoring.;CWE-476
J22473;12;12;Assigning an Object to null is a code smell.  Consider refactoring.;CWE-476
J22473;25;25;Assigning an Object to null is a code smell.  Consider refactoring.;CWE-476
J22500;44;44;Assigning an Object to null is a code smell.  Consider refactoring.;CWE-476
J22501;15;15;Assigning an Object to null is a code smell.  Consider refactoring.;CWE-476
J22501;28;28;Assigning an Object to null is a code smell.  Consider refactoring.;CWE-476
J22508;43;43;Assigning an Object to null is a code smell.  Consider refactoring.;CWE-476
J22509;14;14;Assigning an Object to null is a code smell.  Consider refactoring.;CWE-476
J22509;27;27;Assigning an Object to null is a code smell.  Consider refactoring.;CWE-476
J22524;52;52;Assigning an Object to null is a code smell.  Consider refactoring.;CWE-476
J22524;61;61;Assigning an Object to null is a code smell.  Consider refactoring.;CWE-476
J22524;72;72;Assigning an Object to null is a code smell.  Consider refactoring.;CWE-476
J22525;44;44;Assigning an Object to null is a code smell.  Consider refactoring.;CWE-476
J22525;65;65;Assigning an Object to null is a code smell.  Consider refactoring.;CWE-476
J22525;84;84;Assigning an Object to null is a code smell.  Consider refactoring.;CWE-476
J22584;53;53;Assigning an Object to null is a code smell.  Consider refactoring.;CWE-476
J22585;16;16;Assigning an Object to null is a code smell.  Consider refactoring.;CWE-476
J22585;61;61;Assigning an Object to null is a code smell.  Consider refactoring.;CWE-476
J22585;139;139;Assigning an Object to null is a code smell.  Consider refactoring.;CWE-476
J22585;220;220;Assigning an Object to null is a code smell.  Consider refactoring.;CWE-476
J23782;18;18;Assigning an Object to null is a code smell.  Consider refactoring.;CWE-476
J23783;10;10;Assigning an Object to null is a code smell.  Consider refactoring.;CWE-476
J23783;51;51;Assigning an Object to null is a code smell.  Consider refactoring.;CWE-476
J23783;96;96;Assigning an Object to null is a code smell.  Consider refactoring.;CWE-476
J23783;144;144;Assigning an Object to null is a code smell.  Consider refactoring.;CWE-476
J24046;12;12;Assigning an Object to null is a code smell.  Consider refactoring.;CWE-476
J24047;10;10;Assigning an Object to null is a code smell.  Consider refactoring.;CWE-476
J24047;51;51;Assigning an Object to null is a code smell.  Consider refactoring.;CWE-476
J24047;90;90;Assigning an Object to null is a code smell.  Consider refactoring.;CWE-476
J24047;132;132;Assigning an Object to null is a code smell.  Consider refactoring.;CWE-476
J24134;23;23;Assigning an Object to null is a code smell.  Consider refactoring.;CWE-476
J24135;11;11;Assigning an Object to null is a code smell.  Consider refactoring.;CWE-476
J24135;56;56;Assigning an Object to null is a code smell.  Consider refactoring.;CWE-476
J24135;109;109;Assigning an Object to null is a code smell.  Consider refactoring.;CWE-476
J24135;165;165;Assigning an Object to null is a code smell.  Consider refactoring.;CWE-476
J24218;24;24;Assigning an Object to null is a code smell.  Consider refactoring.;CWE-476
J24219;12;12;Assigning an Object to null is a code smell.  Consider refactoring.;CWE-476
J24219;53;53;Assigning an Object to null is a code smell.  Consider refactoring.;CWE-476
J24219;102;102;Assigning an Object to null is a code smell.  Consider refactoring.;CWE-476
J24219;154;154;Assigning an Object to null is a code smell.  Consider refactoring.;CWE-476
J24444;61;61;Assigning an Object to null is a code smell.  Consider refactoring.;CWE-476
J24445;15;15;Assigning an Object to null is a code smell.  Consider refactoring.;CWE-476
J24445;56;56;Assigning an Object to null is a code smell.  Consider refactoring.;CWE-476
J24445;139;139;Assigning an Object to null is a code smell.  Consider refactoring.;CWE-476
J24445;225;225;Assigning an Object to null is a code smell.  Consider refactoring.;CWE-476
J24616;40;40;Assigning an Object to null is a code smell.  Consider refactoring.;CWE-476
J24617;19;19;Assigning an Object to null is a code smell.  Consider refactoring.;CWE-476
J24617;56;56;Assigning an Object to null is a code smell.  Consider refactoring.;CWE-476
J24617;110;110;Assigning an Object to null is a code smell.  Consider refactoring.;CWE-476
J24617;167;167;Assigning an Object to null is a code smell.  Consider refactoring.;CWE-476
J24788;13;13;Assigning an Object to null is a code smell.  Consider refactoring.;CWE-476
J24789;11;11;Assigning an Object to null is a code smell.  Consider refactoring.;CWE-476
J24789;56;56;Assigning an Object to null is a code smell.  Consider refactoring.;CWE-476
J24789;99;99;Assigning an Object to null is a code smell.  Consider refactoring.;CWE-476
J24789;145;145;Assigning an Object to null is a code smell.  Consider refactoring.;CWE-476
J25094;46;46;Assigning an Object to null is a code smell.  Consider refactoring.;CWE-476
J25095;17;17;Assigning an Object to null is a code smell.  Consider refactoring.;CWE-476
J25095;58;58;Assigning an Object to null is a code smell.  Consider refactoring.;CWE-476
J25095;124;124;Assigning an Object to null is a code smell.  Consider refactoring.;CWE-476
J25095;193;193;Assigning an Object to null is a code smell.  Consider refactoring.;CWE-476
J25136;46;46;Assigning an Object to null is a code smell.  Consider refactoring.;CWE-476
J25137;17;17;Assigning an Object to null is a code smell.  Consider refactoring.;CWE-476
J25137;58;58;Assigning an Object to null is a code smell.  Consider refactoring.;CWE-476
J25137;124;124;Assigning an Object to null is a code smell.  Consider refactoring.;CWE-476
J25137;193;193;Assigning an Object to null is a code smell.  Consider refactoring.;CWE-476
